{
	"fastestFullAttempt": {
		"time": 68.599998466670513,
		"actions": [
			201,
			203
		]
	},
	"simplestFullAttempt": {
		"time": 68.599998466670513,
		"actions": [
			201,
			203
		]
	},
	"levels": {
		"Basic_Level1": {
			"fastestAttempt": {
				"time": 3.3999999240040779,
				"actions": [
					15,
					14
				]
			},
			"simplestAttempt": {
				"time": 3.3999999240040779,
				"actions": [
					15,
					14
				]
			},
			"attemptHistory": [
				{
					"time": 3.3999999240040779,
					"actions": [
						15,
						14
					]
				}
			]
		},
		"Basic_Level2": {
			"fastestAttempt": {
				"time": 4.8199998922646046,
				"actions": [
					19,
					15
				]
			},
			"simplestAttempt": {
				"time": 4.8199998922646046,
				"actions": [
					19,
					15
				]
			},
			"attemptHistory": [
				{
					"time": 4.8199998922646046,
					"actions": [
						19,
						15
					]
				}
			]
		},
		"Basic_Level3": {
			"fastestAttempt": {
				"time": 4.019999910145998,
				"actions": [
					21,
					12
				]
			},
			"simplestAttempt": {
				"time": 4.019999910145998,
				"actions": [
					21,
					12
				]
			},
			"attemptHistory": [
				{
					"time": 4.019999910145998,
					"actions": [
						21,
						12
					]
				}
			]
		},
		"Intermediate_Level1": {
			"fastestAttempt": {
				"time": 8.9399998001754284,
				"actions": [
					22,
					31
				]
			},
			"simplestAttempt": {
				"time": 8.9399998001754284,
				"actions": [
					22,
					31
				]
			},
			"attemptHistory": [
				{
					"time": 8.9399998001754284,
					"actions": [
						22,
						31
					]
				}
			]
		},
		"Intermediate_Level2": {
			"fastestAttempt": {
				"time": 7.35999983549118,
				"actions": [
					20,
					27
				]
			},
			"simplestAttempt": {
				"time": 7.35999983549118,
				"actions": [
					20,
					27
				]
			},
			"attemptHistory": [
				{
					"time": 7.35999983549118,
					"actions": [
						20,
						27
					]
				}
			]
		},
		"Intermediate_Level3": {
			"fastestAttempt": {
				"time": 9.6599997840821743,
				"actions": [
					19,
					32
				]
			},
			"simplestAttempt": {
				"time": 9.6599997840821743,
				"actions": [
					19,
					32
				]
			},
			"attemptHistory": [
				{
					"time": 9.6599997840821743,
					"actions": [
						19,
						32
					]
				}
			]
		},
		"Advanced_Level1": {
			"fastestAttempt": {
				"time": 9.3399997912347317,
				"actions": [
					25,
					24
				]
			},
			"simplestAttempt": {
				"time": 9.3399997912347317,
				"actions": [
					25,
					24
				]
			},
			"attemptHistory": [
				{
					"time": 9.3399997912347317,
					"actions": [
						25,
						24
					]
				}
			]
		},
		"Advanced_Level2": {
			"fastestAttempt": {
				"time": 6.3599998578429222,
				"actions": [
					17,
					22
				]
			},
			"simplestAttempt": {
				"time": 6.3599998578429222,
				"actions": [
					17,
					22
				]
			},
			"attemptHistory": [
				{
					"time": 6.3599998578429222,
					"actions": [
						17,
						22
					]
				}
			]
		},
		"Advanced_Level3": {
			"fastestAttempt": {
				"time": 14.699999671429396,
				"actions": [
					43,
					26
				]
			},
			"simplestAttempt": {
				"time": 14.699999671429396,
				"actions": [
					43,
					26
				]
			},
			"attemptHistory": [
				{
					"time": 14.699999671429396,
					"actions": [
						43,
						26
					]
				}
			]
		}
	},
	"fullAttemptHistory": [
		{
			"time": 68.599998466670513,
			"actions": [
				201,
				203
			]
		}
	]
}